[{"folder":{"id":"d2824f78-b596-50f0-957c-c7662b2771d3"},"id":"36df783f-f90d-42e0-85f6-68e33fb9d959","file_name":"1500x500.jpg","title":"Gatsby theme","size":47901,"type":"image/jpeg","url":"https://assets-eu-01.kc-usercontent.com/9f25588c-7478-01ce-a4c1-90a6f971ba9c/f23c23b6-56e5-463c-b307-a87f4aaeb545/1500x500.jpg","image_width":1500,"image_height":500,"file_reference":{"id":"f23c23b6-56e5-463c-b307-a87f4aaeb545","type":"internal"},"descriptions":[{"language":{"id":"00000000-0000-0000-0000-000000000000"},"description":"Gatsby theme"}],"last_modified":"2020-10-26T21:06:21.7487283Z"},{"folder":{"id":"e11f8d57-3cc8-5456-b00d-158455ab15c3"},"id":"43bb09fe-109f-4237-be72-281ec43e5b2c","file_name":"1.jpg","title":null,"size":544520,"type":"image/jpeg","url":"https://assets-eu-01.kc-usercontent.com/9f25588c-7478-01ce-a4c1-90a6f971ba9c/e67b6038-f632-42a0-a5f1-30bb1850951f/1.jpg","image_width":1800,"image_height":1350,"file_reference":{"id":"e67b6038-f632-42a0-a5f1-30bb1850951f","type":"internal"},"descriptions":[{"language":{"id":"00000000-0000-0000-0000-000000000000"},"description":"Donec eu libero sit amet quam egestas semper. Aenean ultricies mi vitae est. Mauris placerat eleifend leo. Quisque sit amet est et sapien ullamcorper pharetra. Vestibulum erat wisi, condimentum sed, commodo vitae, ornare sit amet, wisi."}],"last_modified":"2020-10-09T07:16:35.4063017Z"},{"folder":{"id":"0031469e-595e-5e8b-91a0-103f1569c613"},"id":"6d4134b4-44fb-48e5-a332-c6731e20d4b2","file_name":"1.jpg","title":null,"size":129096,"type":"image/jpeg","url":"https://assets-eu-01.kc-usercontent.com/9f25588c-7478-01ce-a4c1-90a6f971ba9c/78327bb2-73e1-4869-9254-11f840b98638/1.jpg","image_width":1800,"image_height":1200,"file_reference":{"id":"78327bb2-73e1-4869-9254-11f840b98638","type":"internal"},"descriptions":[{"language":{"id":"00000000-0000-0000-0000-000000000000"},"description":null}],"last_modified":"2020-10-09T07:16:37.265727Z"},{"folder":{"id":"d2824f78-b596-50f0-957c-c7662b2771d3"},"id":"84e9a886-6b54-4081-80e5-fe4f7148bfa4","file_name":"movable-type.jpg","title":null,"size":967930,"type":"image/jpeg","url":"https://assets-eu-01.kc-usercontent.com/9f25588c-7478-01ce-a4c1-90a6f971ba9c/a1b6f337-ea9c-42da-b297-82120fdaf347/movable-type.jpg","image_width":2288,"image_height":1520,"file_reference":{"id":"a1b6f337-ea9c-42da-b297-82120fdaf347","type":"internal"},"descriptions":[{"language":{"id":"00000000-0000-0000-0000-000000000000"},"description":"Movable metal type, and composing stick, descended from Gutenberg's press. Photo by Willi Heidelbach. Licensed under CC BY 2.5"}],"last_modified":"2020-10-09T07:16:36.5938269Z"},{"folder":{"id":"6ed2eeea-c951-5646-b906-40f531a473d4"},"id":"8ad15890-285b-43d1-96be-3182121bddd4","file_name":"42-line-bible.jpg","title":null,"size":114722,"type":"image/jpeg","url":"https://assets-eu-01.kc-usercontent.com/9f25588c-7478-01ce-a4c1-90a6f971ba9c/8a236294-a058-42df-a657-0d4a78affe52/42-line-bible.jpg","image_width":800,"image_height":550,"file_reference":{"id":"8a236294-a058-42df-a657-0d4a78affe52","type":"internal"},"descriptions":[{"language":{"id":"00000000-0000-0000-0000-000000000000"},"description":"The 42–Line Bible, printed by Gutenberg."}],"last_modified":"2020-10-09T07:16:36.8440554Z"},{"folder":{"id":"afd21336-8211-5de5-8bee-a1107d988bde"},"id":"a431d433-b781-4567-aeda-3b0664e8c30a","file_name":"radek.jpg","title":"John Doe","size":139724,"type":"image/jpeg","url":"https://assets-eu-01.kc-usercontent.com/9f25588c-7478-01ce-a4c1-90a6f971ba9c/ca2f0e97-c661-4afb-a641-749229c88f08/radek.jpg","image_width":1000,"image_height":1000,"file_reference":{"id":"ca2f0e97-c661-4afb-a641-749229c88f08","type":"internal"},"descriptions":[{"language":{"id":"00000000-0000-0000-0000-000000000000"},"description":"John Doe's Profile Picture"}],"last_modified":"2020-10-22T22:54:35.9017735Z"},{"folder":{"id":"d2824f78-b596-50f0-957c-c7662b2771d3"},"id":"ae9d4b12-2f66-4eec-8ef9-cea9cbba0d08","file_name":"92a7b2bab0013bb5b18d0c3e3ca13796.png","title":"Gatsby Lumen screenshot","size":49715,"type":"image/png","url":"https://assets-eu-01.kc-usercontent.com/9f25588c-7478-01ce-a4c1-90a6f971ba9c/9f854562-657a-44a0-bc82-7c441b66614d/92a7b2bab0013bb5b18d0c3e3ca13796.png","image_width":1050,"image_height":788,"file_reference":{"id":"9f854562-657a-44a0-bc82-7c441b66614d","type":"internal"},"descriptions":[{"language":{"id":"00000000-0000-0000-0000-000000000000"},"description":"Gatsby Lumen screenshot"}],"last_modified":"2020-10-26T21:06:07.9456084Z"},{"folder":{"id":"8ac76d99-0b79-5be4-a5c2-5cfe6e43fb6a"},"id":"b4ccd1d4-d9a4-41fd-82f1-147e12988e4f","file_name":"1.jpg","title":null,"size":129096,"type":"image/jpeg","url":"https://assets-eu-01.kc-usercontent.com/9f25588c-7478-01ce-a4c1-90a6f971ba9c/83043999-309d-4956-a399-aad4b7a21519/1.jpg","image_width":1800,"image_height":1200,"file_reference":{"id":"83043999-309d-4956-a399-aad4b7a21519","type":"internal"},"descriptions":[{"language":{"id":"00000000-0000-0000-0000-000000000000"},"description":null}],"last_modified":"2020-10-09T07:16:37.0469695Z"},{"folder":{"id":"6ed2eeea-c951-5646-b906-40f531a473d4"},"id":"bb5ac309-fbc7-4126-a695-af09ba375137","file_name":"type-through-time.jpg","title":null,"size":88921,"type":"image/jpeg","url":"https://assets-eu-01.kc-usercontent.com/9f25588c-7478-01ce-a4c1-90a6f971ba9c/8e51b07f-35e1-452a-9b5b-15da94ac69f6/type-through-time.jpg","image_width":1250,"image_height":250,"file_reference":{"id":"8e51b07f-35e1-452a-9b5b-15da94ac69f6","type":"internal"},"descriptions":[{"language":{"id":"00000000-0000-0000-0000-000000000000"},"description":"Type through 5 centuries."}],"last_modified":"2020-10-09T07:16:38.0313732Z"},{"folder":{"id":"eabcfcf4-95a1-5fb6-b03a-8e516f519ef9"},"id":"c553eb18-5115-4100-a3b4-4578b8a38d12","file_name":"1.jpg","title":null,"size":830500,"type":"image/jpeg","url":"https://assets-eu-01.kc-usercontent.com/9f25588c-7478-01ce-a4c1-90a6f971ba9c/64930061-038c-4b3a-837c-38bbe222b983/1.jpg","image_width":1800,"image_height":1200,"file_reference":{"id":"64930061-038c-4b3a-837c-38bbe222b983","type":"internal"},"descriptions":[{"language":{"id":"00000000-0000-0000-0000-000000000000"},"description":"Nulla faucibus vestibulum eros in tempus. Vestibulum tempor imperdiet velit nec dapibus"}],"last_modified":"2020-10-09T07:16:35.9688417Z"},{"folder":{"id":"0740d726-b6cc-5c39-96b0-812a800eb488"},"id":"f6984ab1-0678-4dfb-806d-1a42de14f6f8","file_name":"1.jpg","title":null,"size":126460,"type":"image/jpeg","url":"https://assets-eu-01.kc-usercontent.com/9f25588c-7478-01ce-a4c1-90a6f971ba9c/e51dd565-de52-41f6-8a80-aa56b15b93a2/1.jpg","image_width":1260,"image_height":945,"file_reference":{"id":"e51dd565-de52-41f6-8a80-aa56b15b93a2","type":"internal"},"descriptions":[{"language":{"id":"00000000-0000-0000-0000-000000000000"},"description":"Donec eu libero sit amet quam egestas semper. Aenean ultricies mi vitae est. Mauris placerat eleifend leo. Quisque sit amet est et sapien ullamcorper pharetra. Vestibulum erat wisi, condimentum sed, commodo vitae, ornare sit amet, wisi."}],"last_modified":"2020-10-09T07:16:37.7969939Z"}]