[{"id":"6f92ef5f-99b5-4950-977c-d5cd095a34b2","codename":"twitter","last_modified":"2020-11-01T23:20:20.672455Z","name":"Twitter Card Metadata","elements":[{"mode":"single","options":[{"id":"109315a6-3f48-4bf5-9f6a-31caa7c6ceb4","codename":"summary_large_image","name":"summary_large_image"},{"id":"00fe523e-2102-4bdf-b35f-a21c91f432c6","codename":"summary","name":"summary"}],"name":"Twitter card","guidelines":"https://developer.twitter.com/en/docs/twitter-for-websites/cards/overview/summary","is_required":false,"type":"multiple_choice","id":"9e827220-6733-41a2-aa10-04d688521ad0","codename":"twitter__card"},{"maximum_text_length":null,"name":"Twitter Creator","guidelines":"@username of content creator","is_required":false,"type":"text","id":"887015c6-2298-4d09-b025-f589f6fc2148","codename":"twitter__creator"},{"maximum_text_length":null,"name":"Twitter Site","guidelines":"@username of website","is_required":false,"type":"text","id":"9bba1c67-ad12-47f3-b143-c7049724bcdd","codename":"twitter__site"},{"asset_count_limit":{"value":1,"condition":"exactly"},"maximum_file_size":5242880,"allowed_file_types":"any","image_width_limit":{"value":300,"condition":"at_least"},"image_height_limit":{"value":157,"condition":"at_least"},"name":"Twitter Image","guidelines":"URL of image to use in the card. Images must be less than 5MB in size. JPG, PNG, WEBP and GIF formats are supported. Only the first frame of an animated GIF will be used. SVG is not supported.","is_required":false,"type":"asset","id":"301da6a5-200a-4585-9638-91537e31b380","codename":"twitter__image"}]},{"id":"2cf97b7f-6c25-4141-b880-77911c0d8a38","codename":"og","last_modified":"2020-11-01T23:23:00.0580302Z","name":"Open Graph Metadata","elements":[{"maximum_text_length":null,"name":"Title","guidelines":null,"is_required":false,"type":"text","id":"a630eead-c7ff-4044-b011-b1ff25d90a31","codename":"og__title"},{"maximum_text_length":null,"name":"Description","guidelines":null,"is_required":false,"type":"text","id":"b7a76163-a5ba-4fc0-931d-cc43796ec7fb","codename":"og__description"},{"asset_count_limit":{"value":1,"condition":"at_least"},"maximum_file_size":null,"allowed_file_types":"any","image_width_limit":null,"image_height_limit":null,"name":"Image","guidelines":null,"is_required":false,"type":"asset","id":"57aa4761-d31d-4b95-b911-7d4faeba4cf1","codename":"og__image"}]}]